mag_x_ut,mag_y_ut,mag_z_ut
968.6846051441236,195.14110925033626,221.11976419754396
992.329615730528,135.2630670405099,195.91418096181545
992.329615730528,135.2630670405099,195.91418096181545
1014.9930179835836,33.71465033745182,67.59492855594083
1014.9930179835836,33.71465033745182,67.59492855594083
1001.6166705371475,-70.71839634286219,-14.560456944774472
1001.6166705371475,-70.71839634286219,-14.560456944774472
902.1204382996171,-286.5411258273578,-123.58697259131927
771.3160534602007,-376.09115225279623,-378.8460241733811
771.3160534602007,-376.09115225279623,-378.8460241733811
480.51013951322284,-437.91225959624296,-675.7118491101113
480.51013951322284,-437.91225959624296,-675.7118491101113
173.68875954397376,-452.5872401673662,-816.8756986385466
173.68875954397376,-452.5872401673662,-816.8756986385466
-242.37489950501455,-427.1058701229388,-834.990751246866
-242.37489950501455,-427.1058701229388,-834.990751246866
-444.39442994873104,-403.3803092777461,-816.8128719687813
-444.39442994873104,-403.3803092777461,-816.8128719687813
-592.1958220537412,-396.93783465195025,-732.7999094475812
-592.1958220537412,-396.93783465195025,-732.7999094475812
-597.2459261403845,-449.78624387011007,-728.454259465378
-561.1133556990854,-446.7342683722164,-728.2773360921668
-561.1133556990854,-446.7342683722164,-728.2773360921668
-561.9446818254163,-514.302686551253,-696.7211808522612
-561.9446818254163,-514.302686551253,-696.7211808522612
-641.0154450527923,-517.3131987012082,-630.7044727042428
-641.0154450527923,-517.3131987012082,-630.7044727042428
-731.4442419674268,-532.5116954385842,-547.215618032315
-731.4442419674268,-532.5116954385842,-547.215618032315
-771.3258815958745,-576.2292443788643,-417.4685930369914
-771.3258815958745,-576.2292443788643,-417.4685930369914
-820.9977263352014,-616.4029162895138,-299.08421143739776
-820.9977263352014,-616.4029162895138,-299.08421143739776
-829.7732229131974,-647.4767786836385,-238.19941958098815
-829.7732229131974,-647.4767786836385,-238.19941958098815
-832.3720720330983,-686.8231334816954,-152.74515602203826
-832.3720720330983,-686.8231334816954,-152.74515602203826
-850.676114951924,-708.6575596709115,3.1950628004956876
-850.676114951924,-708.6575596709115,3.1950628004956876
-826.1379671458353,-683.213819650843,160.97440191219843
-826.1379671458353,-683.213819650843,160.97440191219843
-847.9609193102009,-646.6210922171327,256.98724608501334
-847.9609193102009,-646.6210922171327,256.98724608501334
-855.0954153100575,-618.1543344760589,424.51956514029746
-855.0954153100575,-618.1543344760589,424.51956514029746
-795.5945984487144,-573.9036589479596,622.5932849124026
-795.5945984487144,-573.9036589479596,622.5932849124026
-795.5945984487144,-573.9036589479596,622.5932849124026
-679.7005586869482,-522.7618277875572,830.4179746292396
-679.7005586869482,-522.7618277875572,830.4179746292396
-540.3659926444958,-431.51965662386084,1006.9008683199856
-540.3659926444958,-431.51965662386084,1006.9008683199856
-348.16794421157215,-327.2152084068373,1114.1277338517273
-348.16794421157215,-327.2152084068373,1114.1277338517273
-132.4321283740893,-223.36842787416475,1180.1079061112487
-132.4321283740893,-223.36842787416475,1180.1079061112487
113.85318861917365,-105.08861724266337,1188.6160160808104
113.85318861917365,-105.08861724266337,1188.6160160808104
320.9572817988793,-19.788910880188975,1138.1591226927312
320.9572817988793,-19.788910880188975,1138.1591226927312
483.5908366267794,59.51254782163926,1099.54977060879
483.5908366267794,59.51254782163926,1099.54977060879
551.9033133248531,85.5011039643305,1042.0001144939997
551.9033133248531,85.5011039643305,1042.0001144939997
631.5862504656716,28.266908342652115,997.5059833316445
631.5862504656716,28.266908342652115,997.5059833316445
714.9600231393797,-23.87055755552787,909.2604160961793
714.9600231393797,-23.87055755552787,909.2604160961793
822.80539693672,-72.59642748718647,746.1221872265867
822.80539693672,-72.59642748718647,746.1221872265867
872.5846727998369,-114.53213471722681,609.0496934042578
872.5846727998369,-114.53213471722681,609.0496934042578
872.5846727998369,-114.53213471722681,609.0496934042578
941.3757375991285,-125.50307736805857,437.8898405892314
941.3757375991285,-125.50307736805857,437.8898405892314
949.9610917960493,-158.35845601815424,338.9336057965562
949.9610917960493,-158.35845601815424,338.9336057965562
958.4182525459934,-181.52945844523538,243.4891597979925
958.4182525459934,-181.52945844523538,243.4891597979925
968.7578392857486,-216.22031615212327,112.43460632379546
968.7578392857486,-216.22031615212327,112.43460632379546
946.8150173447523,-241.81306887320065,-23.238146630059703
946.8150173447523,-241.81306887320065,-23.238146630059703
924.4785713444948,-289.9394184244858,-139.6691201737858
924.4785713444948,-289.9394184244858,-139.6691201737858
814.9481933094021,-356.1056444725507,-319.9852431189918
814.9481933094021,-356.1056444725507,-319.9852431189918
643.2813110054917,-491.8211850131949,-472.4167980362493
643.2813110054917,-491.8211850131949,-472.4167980362493
376.4305936248623,-666.1646309956782,-476.86800003668026
376.4305936248623,-666.1646309956782,-476.86800003668026
91.4190437029372,-796.4496932411181,-463.2092572027289
91.4190437029372,-796.4496932411181,-463.2092572027289
-138.97683667089888,-775.8291613703454,-532.3866138756907
-138.97683667089888,-775.8291613703454,-532.3866138756907
-268.71063678870274,-678.3840755205392,-653.9213666498971
-268.71063678870274,-678.3840755205392,-653.9213666498971
-388.28552335956147,-599.1202098735191,-708.2898664387985
-388.28552335956147,-599.1202098735191,-708.2898664387985
-388.28552335956147,-599.1202098735191,-708.2898664387985
-422.7871813844572,-696.3800157477156,-586.3647662737499
-422.7871813844572,-696.3800157477156,-586.3647662737499
-468.7699890809503,-713.0052453047923,-531.3935989221685
-468.7699890809503,-713.0052453047923,-531.3935989221685
-517.4885885720541,-391.4389276351935,-833.2785272602185
-517.4885885720541,-391.4389276351935,-833.2785272602185
-562.6281679237717,-259.29796807640366,-835.8552223097288
-562.6281679237717,-259.29796807640366,-835.8552223097288
-689.8667501875111,-131.4327778104599,-761.7665419910214
-689.8667501875111,-131.4327778104599,-761.7665419910214
-854.0313216921796,-127.5063276356484,-619.1851268766522
-854.0313216921796,-127.5063276356484,-619.1851268766522
-978.6165504896626,-136.80956494511358,-351.30260265128607
-978.6165504896626,-136.80956494511358,-351.30260265128607
-1008.5532926759072,-108.21842163478622,-293.26670834639947
-1008.5532926759072,-108.21842163478622,-293.26670834639947
-1012.09675450323,-60.33895868175231,-221.4604498575028
-1012.09675450323,-60.33895868175231,-221.4604498575028
-999.2112163666691,-31.808502999788793,-64.13856180191985
-999.2112163666691,-31.808502999788793,-64.13856180191985
-994.6235114635372,-63.31618797175557,10.219152717975511
-994.6235114635372,-63.31618797175557,10.219152717975511
-1000.0880599450134,-42.93265365052126,33.80194099079173
-1000.0880599450134,-42.93265365052126,33.80194099079173
-1000.0880599450134,-42.93265365052126,33.80194099079173
-1003.0509046429119,20.36208037264086,93.95144903105518
-1003.0509046429119,20.36208037264086,93.95144903105518
-961.0753818440321,193.237700642824,215.61403208509657
-961.0753818440321,193.237700642824,215.61403208509657
-850.5101457357789,335.2552334887633,393.8312874804318
-850.5101457357789,335.2552334887633,393.8312874804318
-755.8425492809009,401.3002319688653,584.9437794467049
-755.8425492809009,401.3002319688653,584.9437794467049
-667.0497016268131,336.8654145799485,761.0212865631269
-667.0497016268131,336.8654145799485,761.0212865631269
-576.638657993924,145.01641913982945,868.3179522611202
-576.638657993924,145.01641913982945,868.3179522611202
-473.8643455206636,-27.542719668332584,928.7573289083647
-473.8643455206636,-27.542719668332584,928.7573289083647
-441.5883664219654,-233.99794717189042,893.2206226728229
-441.5883664219654,-233.99794717189042,893.2206226728229
-459.9561167412094,-488.302454654267,800.4617997625213
-459.9561167412094,-488.302454654267,800.4617997625213
-462.5763180714233,-649.8874268588702,641.1205516889321
-462.5763180714233,-649.8874268588702,641.1205516889321
-446.5053067785169,-710.7954881336699,560.5484190724751
-446.5053067785169,-710.7954881336699,560.5484190724751
-482.73740986743275,-753.5743238798265,441.3914724290773
-482.73740986743275,-753.5743238798265,441.3914724290773
-524.4563778480978,-762.8148229351053,318.96008543192096
-524.4563778480978,-762.8148229351053,318.96008543192096
-524.4563778480978,-762.8148229351053,318.96008543192096
-548.2740499008279,-734.44504797971,290.901214017788
-548.2740499008279,-734.44504797971,290.901214017788
-534.3861331950077,-673.4726018529151,383.1471451770926
-534.3861331950077,-673.4726018529151,383.1471451770926
-491.9984784453462,-558.01380886771,535.7843309638725
-491.9984784453462,-558.01380886771,535.7843309638725
-399.49876094192547,-87.23296614716818,713.9126054313942
-399.49876094192547,-87.23296614716818,713.9126054313942
-354.9089765428237,319.44454312173366,539.5567518089396
-354.9089765428237,319.44454312173366,539.5567518089396
-303.3507132612728,467.51948045086965,411.25913613331835
-303.3507132612728,467.51948045086965,411.25913613331835
-229.41093963617013,584.9614035865669,293.3603283755764
-229.41093963617013,584.9614035865669,293.3603283755764
-112.17527747243695,699.7695162745094,117.80267661726032
-112.17527747243695,699.7695162745094,117.80267661726032
98.9260855873805,798.3437381376109,-220.92730729046684
98.9260855873805,798.3437381376109,-220.92730729046684
236.02522764641714,755.3502670296343,-502.61419702593474
236.02522764641714,755.3502670296343,-502.61419702593474
376.59079263193973,710.0444748098419,-654.7079664184913
376.59079263193973,710.0444748098419,-654.7079664184913
455.6354604689869,729.3137335257009,-643.2657882467722
455.6354604689869,729.3137335257009,-643.2657882467722
455.6354604689869,729.3137335257009,-643.2657882467722
493.33466105494904,686.0738814819872,-709.2349636668665
493.33466105494904,686.0738814819872,-709.2349636668665
438.04419620556604,658.4452837996748,-812.6540402103662
438.04419620556604,658.4452837996748,-812.6540402103662
369.95674649952053,655.9767239836435,-845.5318494960189
369.95674649952053,655.9767239836435,-845.5318494960189
385.51552747936915,625.3879841876144,-840.3655719999108
385.51552747936915,625.3879841876144,-840.3655719999108
429.76132192461466,560.027568525751,-872.0594235348887
429.76132192461466,560.027568525751,-872.0594235348887
457.04678858597214,461.3345525420527,-855.3993952297261
457.04678858597214,461.3345525420527,-855.3993952297261
482.39666433725876,358.28226463974124,-859.8816462891402
482.39666433725876,358.28226463974124,-859.8816462891402
458.85513505960387,254.18803651758785,-890.0537776666341
458.85513505960387,254.18803651758785,-890.0537776666341
397.1545434590623,189.35168468590743,-936.7393667789992
397.1545434590623,189.35168468590743,-936.7393667789992
335.84142346243857,167.61686511062908,-977.6861519689216
335.84142346243857,167.61686511062908,-977.6861519689216
301.3966195195813,147.54523262858916,-1005.1235089264445
301.3966195195813,147.54523262858916,-1005.1235089264445
280.57555030424334,152.39853700161004,-1019.8815799453172
280.57555030424334,152.39853700161004,-1019.8815799453172
263.70085564439364,186.2076675341384,-1024.613768867697
263.70085564439364,186.2076675341384,-1024.613768867697
263.70085564439364,186.2076675341384,-1024.613768867697
201.14425517154834,232.94913519005138,-1023.5533308618552
201.14425517154834,232.94913519005138,-1023.5533308618552
158.05032571833044,300.2983370441095,-1008.5429503860387
158.05032571833044,300.2983370441095,-1008.5429503860387
202.6861401101285,418.99408560076034,-923.3279375609374
202.6861401101285,418.99408560076034,-923.3279375609374
348.58002710446203,527.5032276907374,-781.4141688712461
348.58002710446203,527.5032276907374,-781.4141688712461
573.4573623722206,528.9228739147161,-644.8151864884993
573.4573623722206,528.9228739147161,-644.8151864884993
722.4582769499776,507.57312586425155,-486.8097823860897
722.4582769499776,507.57312586425155,-486.8097823860897
831.461903501345,488.00992698136173,-290.9955263838359
831.461903501345,488.00992698136173,-290.9955263838359
903.0922373365879,435.43005590748896,-129.86810032137578
903.0922373365879,435.43005590748896,-129.86810032137578
932.137547635792,374.8349240867887,-77.58659447980982
932.137547635792,374.8349240867887,-77.58659447980982
930.5111727476514,357.7790770122567,68.7881884962566
930.5111727476514,357.7790770122567,68.7881884962566
903.5538659088289,352.3812982362548,199.61165070686235
903.5538659088289,352.3812982362548,199.61165070686235
854.6827207353779,355.7274394775679,301.09766206571703
854.6827207353779,355.7274394775679,301.09766206571703
854.6827207353779,355.7274394775679,301.09766206571703
771.7283730060698,375.3628367843035,391.4560447261688
771.7283730060698,375.3628367843035,391.4560447261688
699.8877848009283,395.8110846524424,469.05972081813906
699.8877848009283,395.8110846524424,469.05972081813906
637.6630926741909,373.2265589510341,534.454753186911
637.6630926741909,373.2265589510341,534.454753186911
577.2284228630265,369.2019647841063,564.3857305748337
577.2284228630265,369.2019647841063,564.3857305748337
449.9929398131993,337.8372059427372,653.5562845488907
449.9929398131993,337.8372059427372,653.5562845488907
287.36916945465987,311.16580332277147,706.3265643257663
287.36916945465987,311.16580332277147,706.3265643257663
157.64628157510393,286.29639961412187,742.6589937667883
157.64628157510393,286.29639961412187,742.6589937667883
19.46088057072748,257.3835823312814,752.3376249800804
19.46088057072748,257.3835823312814,752.3376249800804
-155.29394085083354,210.74317217054636,747.0293414380676
-155.29394085083354,210.74317217054636,747.0293414380676
-321.9942113748415,119.43721390628588,723.2817542223625
-321.9942113748415,119.43721390628588,723.2817542223625
-414.2170780830677,123.12435135597984,687.5747940114445
-414.2170780830677,123.12435135597984,687.5747940114445
-495.90786811208346,114.05671681275746,626.9939352711244
-495.90786811208346,114.05671681275746,626.9939352711244
-495.90786811208346,114.05671681275746,626.9939352711244
-598.7441648491589,27.362409816230926,588.5892924446678
-598.7441648491589,27.362409816230926,588.5892924446678
-650.518773396463,-15.028391929510617,563.9021104131392
-650.518773396463,-15.028391929510617,563.9021104131392
-654.1062225886712,32.84034403930337,557.7389367796961
-654.1062225886712,32.84034403930337,557.7389367796961
-673.3436507843019,13.9389826485415,551.9161771483745
-673.3436507843019,13.9389826485415,551.9161771483745
-654.2188232293693,173.2442124302858,479.9991096314043
-654.2188232293693,173.2442124302858,479.9991096314043
-646.3462841655085,258.79801780804564,432.6656757155191
-646.3462841655085,258.79801780804564,432.6656757155191
-621.9570274118144,342.02866856265643,372.988626894286
-621.9570274118144,342.02866856265643,372.988626894286
-667.1307527082417,478.56087346313694,-15.484023961993874
-667.1307527082417,478.56087346313694,-15.484023961993874
-625.0631792331084,547.3248050160757,-102.65324872931136
-625.0631792331084,547.3248050160757,-102.65324872931136
-615.3874424115241,533.7279782224795,22.161024321082042
-615.3874424115241,533.7279782224795,22.161024321082042
-565.0690326058836,602.6611109033533,-89.21500457462201
-565.0690326058836,602.6611109033533,-89.21500457462201
-531.4496017796494,605.4450482604427,-347.7649893820805
-531.4496017796494,605.4450482604427,-347.7649893820805
-542.7949994842102,556.2869166636257,-505.7911872403848
-542.7949994842102,556.2869166636257,-505.7911872403848
-542.7949994842102,556.2869166636257,-505.7911872403848
-551.5590487266767,531.4702811166514,-559.6030669207472
-551.5590487266767,531.4702811166514,-559.6030669207472
-560.4221362919283,570.5288037406075,-504.7352665788171
-560.4221362919283,570.5288037406075,-504.7352665788171
-540.3767151425074,611.7763022456858,-388.37889024201485
-540.3767151425074,611.7763022456858,-388.37889024201485
-494.75784657443404,657.478543006993,-285.8724040318083
-494.75784657443404,657.478543006993,-285.8724040318083
-521.1708830344386,656.7605212727236,-106.39252580516151
-521.1708830344386,656.7605212727236,-106.39252580516151
-577.831730678024,576.1330855316262,141.6123832944933
-577.831730678024,576.1330855316262,141.6123832944933
-562.2491682662582,531.4735438736594,293.889438370184
-562.2491682662582,531.4735438736594,293.889438370184
-557.3135066387096,451.8790470647487,415.83110475268256
-557.3135066387096,451.8790470647487,415.83110475268256
-537.8561086010205,365.87060311761405,529.086795226539
-537.8561086010205,365.87060311761405,529.086795226539
-540.2559881421937,226.88582763973642,651.7451671805527
-540.2559881421937,226.88582763973642,651.7451671805527
-505.76216570440283,132.17000634051846,745.7586846117601
-505.76216570440283,132.17000634051846,745.7586846117601
-465.01550824780054,68.9554160540153,799.0290553500189
-465.01550824780054,68.9554160540153,799.0290553500189
-465.01550824780054,68.9554160540153,799.0290553500189
-352.6809537457118,-34.138309215653436,881.3523474628776
-352.6809537457118,-34.138309215653436,881.3523474628776
-191.2034908460933,-137.0921105574115,962.1337248247186
-191.2034908460933,-137.0921105574115,962.1337248247186
-80.28357898001205,-275.6488992437624,948.7786635528443
-80.28357898001205,-275.6488992437624,948.7786635528443
40.10511665258255,-367.6600582662537,913.3157375894102
40.10511665258255,-367.6600582662537,913.3157375894102
104.29799350600815,-497.16192002969603,852.4334630274996
104.29799350600815,-497.16192002969603,852.4334630274996
130.24424778348,-595.2803700064673,791.9138462163902
130.24424778348,-595.2803700064673,791.9138462163902
186.0438068510085,-649.7853471314879,713.6217151473084
186.0438068510085,-649.7853471314879,713.6217151473084
264.92535358262285,-675.0493045531613,659.1222823763896
264.92535358262285,-675.0493045531613,659.1222823763896
311.90779876580194,-764.5878579114022,542.33247074013
311.90779876580194,-764.5878579114022,542.33247074013
360.191570798446,-817.9234452674134,424.41691756831284
360.191570798446,-817.9234452674134,424.41691756831284
365.8579412346954,-838.6255721192214,395.66598740247827
365.8579412346954,-838.6255721192214,395.66598740247827
458.0022540628154,-830.5756403890758,342.9479665902592
458.0022540628154,-830.5756403890758,342.9479665902592
510.5604433930959,-847.359311706696,289.89225688775514
510.5604433930959,-847.359311706696,289.89225688775514
510.5604433930959,-847.359311706696,289.89225688775514
577.0106774530534,-833.8697003879911,325.13847953791804
577.0106774530534,-833.8697003879911,325.13847953791804
597.5905852393714,-825.2172940070653,351.7393330123964
597.5905852393714,-825.2172940070653,351.7393330123964
606.6680826517073,-864.2943093281169,289.5130168011873
606.6680826517073,-864.2943093281169,289.5130168011873
612.6959045461845,-883.5572860759613,218.19104195592863
612.6959045461845,-883.5572860759613,218.19104195592863
696.0125195166621,-821.4612141775112,213.87284224107998
696.0125195166621,-821.4612141775112,213.87284224107998
697.7672059724282,-816.1051111595452,198.17892019379997
697.7672059724282,-816.1051111595452,198.17892019379997
739.8650134686272,-760.9853931314582,-35.50461234833668
739.8650134686272,-760.9853931314582,-35.50461234833668
756.3107731146287,-662.4198576261621,-156.24415340305077
756.3107731146287,-662.4198576261621,-156.24415340305077
728.8418505340912,-565.0639325868366,-324.7127166152166
728.8418505340912,-565.0639325868366,-324.7127166152166
731.098293399944,-484.9712887203193,-399.1797770347627
731.098293399944,-484.9712887203193,-399.1797770347627
684.0675402890224,-385.7842180120622,-520.690130620223
684.0675402890224,-385.7842180120622,-520.690130620223
584.4898620726347,-386.79889594413066,-607.8302933904639
584.4898620726347,-386.79889594413066,-607.8302933904639
584.4898620726347,-386.79889594413066,-607.8302933904639
547.8877901092534,-395.3104745679734,-636.7375218762622
547.8877901092534,-395.3104745679734,-636.7375218762622
615.0803190344672,-367.9762094535197,-607.6444588598921
615.0803190344672,-367.9762094535197,-607.6444588598921
777.1718247094645,-297.28072986143417,-499.8635598554053
777.1718247094645,-297.28072986143417,-499.8635598554053
794.5216477372392,-338.3223967159909,-447.73785447421693
794.5216477372392,-338.3223967159909,-447.73785447421693
849.756482995192,-282.17494388372654,-391.5594470490846
849.756482995192,-282.17494388372654,-391.5594470490846
857.3993488968958,-297.6958967979214,-368.11487550470304
857.3993488968958,-297.6958967979214,-368.11487550470304
860.5938785698116,-251.80016428218158,-385.88743918738874
860.5938785698116,-251.80016428218158,-385.88743918738874
894.6792797600294,-316.65313516507143,-258.73621499873025
894.6792797600294,-316.65313516507143,-258.73621499873025
895.8240959932634,-324.1449345398471,-191.1555388514904
895.8240959932634,-324.1449345398471,-191.1555388514904
928.1685755787502,-280.28014336049165,-97.4154360644189
928.1685755787502,-280.28014336049165,-97.4154360644189
980.9504490903129,-157.0173174518397,37.88021271705952
980.9504490903129,-157.0173174518397,37.88021271705952
951.526188989463,-140.2859017806128,207.52078599021723
951.526188989463,-140.2859017806128,207.52078599021723
979.8235106581277,-17.070315956658575,156.16080833904618
979.8235106581277,-17.070315956658575,156.16080833904618
979.8235106581277,-17.070315956658575,156.16080833904618
964.9088497579957,101.74330096927834,227.5648433089625
964.9088497579957,101.74330096927834,227.5648433089625
906.485264774212,273.16835713979106,266.7291780184665
906.485264774212,273.16835713979106,266.7291780184665
831.8449520093429,404.36866623926346,216.2505293650662
831.8449520093429,404.36866623926346,216.2505293650662
772.0177071770117,558.3191103987486,-69.01057271791396
772.0177071770117,558.3191103987486,-69.01057271791396
738.1176240727797,550.0958108713462,-247.84719106217077
738.1176240727797,550.0958108713462,-247.84719106217077
683.1316051931844,524.3361044663721,-479.1811859088817
683.1316051931844,524.3361044663721,-479.1811859088817
546.4839700328841,503.1947965890085,-617.2224409099339
546.4839700328841,503.1947965890085,-617.2224409099339
474.85584661842114,408.474126257512,-771.5483017902599
474.85584661842114,408.474126257512,-771.5483017902599
271.30560006116565,123.50731149526315,-944.3473667229885
271.30560006116565,123.50731149526315,-944.3473667229885
114.73847257743813,-26.168894097655777,-968.0961587737519
114.73847257743813,-26.168894097655777,-968.0961587737519
24.516643241196405,-53.09558022920754,-996.0124600950494
24.516643241196405,-53.09558022920754,-996.0124600950494
-105.2238877083609,-19.716096200061084,-984.9528801513737
-105.2238877083609,-19.716096200061084,-984.9528801513737
-105.2238877083609,-19.716096200061084,-984.9528801513737
-235.0283985893418,-63.62267991129504,-968.7427548343151
-235.0283985893418,-63.62267991129504,-968.7427548343151
-301.074599853801,-54.383437226285004,-952.0836088330208
-301.074599853801,-54.383437226285004,-952.0836088330208
-413.37720356798894,21.622035285496956,-900.2454996683032
-413.37720356798894,21.622035285496956,-900.2454996683032
-561.7690729829983,37.97048594467874,-804.8254428734997
-561.7690729829983,37.97048594467874,-804.8254428734997
-712.0217885253543,26.74496237490037,-676.3852130182962
-712.0217885253543,26.74496237490037,-676.3852130182962
-808.7361626914285,40.10312120187233,-530.3189874217046
-808.7361626914285,40.10312120187233,-530.3189874217046
-900.1562890739581,83.38377933490501,-387.8780229757085
-900.1562890739581,83.38377933490501,-387.8780229757085
-997.0136067897864,210.5727978710273,-308.6315500297442
-997.0136067897864,210.5727978710273,-308.6315500297442
-1169.3302810171626,527.7711623188944,-310.6121793073836
-1169.3302810171626,527.7711623188944,-310.6121793073836
-1094.742619446173,1146.9739923223376,-44.03828141247153
-1094.742619446173,1146.9739923223376,-44.03828141247153
-584.0760662124125,1492.0334018924298,486.59852693025186
-584.0760662124125,1492.0334018924298,486.59852693025186
-49.317861004826675,1303.665940537927,861.8530349171245
-49.317861004826675,1303.665940537927,861.8530349171245
-84.95642215539627,934.2077386387538,847.8191718681862
277.46265611810617,998.7617072701516,848.5291210941489
277.46265611810617,998.7617072701516,848.5291210941489
349.5859573484968,724.5851742579507,731.9954101345018
349.5859573484968,724.5851742579507,731.9954101345018
386.6945693145655,518.3299336348146,686.6745379041002
386.6945693145655,518.3299336348146,686.6745379041002
359.59467927189996,312.0200811697105,732.4711100204702
359.59467927189996,312.0200811697105,732.4711100204702
466.26694996372896,160.43994171830064,754.1151562152149
466.26694996372896,160.43994171830064,754.1151562152149
601.380877015034,120.82905638739925,743.0190654508733
601.380877015034,120.82905638739925,743.0190654508733
813.8027519823454,125.5701070894089,624.7929372403611
813.8027519823454,125.5701070894089,624.7929372403611
880.1336447255557,83.83406856297556,592.2523944467456
880.1336447255557,83.83406856297556,592.2523944467456
892.7404397661752,145.48601766410414,577.6006430947164
892.7404397661752,145.48601766410414,577.6006430947164
809.7302272644217,172.62303194887915,672.9029625131428
809.7302272644217,172.62303194887915,672.9029625131428
876.7794109092415,183.89611243478367,599.4481740802069
876.7794109092415,183.89611243478367,599.4481740802069
941.9747260475531,247.0949214796846,481.8216627817503
941.9747260475531,247.0949214796846,481.8216627817503
1002.0949822308713,217.5032635092721,370.61118945124645
1002.0949822308713,217.5032635092721,370.61118945124645
1002.0949822308713,217.5032635092721,370.61118945124645
1051.1907421443511,229.32257408916706,213.30929420828326
1051.1907421443511,229.32257408916706,213.30929420828326
1066.5084249862086,209.1912231201716,-128.0818176000004
1066.5084249862086,209.1912231201716,-128.0818176000004
1032.675346537425,145.02633018194146,-304.6180196127095
1032.675346537425,145.02633018194146,-304.6180196127095
969.1112971215131,120.30116379425515,-426.1831436300718
969.1112971215131,120.30116379425515,-426.1831436300718
880.2326468644869,97.74024967627926,-548.0075475529773
880.2326468644869,97.74024967627926,-548.0075475529773
788.9189892754832,109.48345454256872,-674.1976308542162
788.9189892754832,109.48345454256872,-674.1976308542162
665.7521090849049,186.53705507946947,-780.866450267969
665.7521090849049,186.53705507946947,-780.866450267969
535.7211898518117,264.17427223694676,-869.0679816926062
535.7211898518117,264.17427223694676,-869.0679816926062
431.94616685244597,214.20107126123744,-960.4288473042741
431.94616685244597,214.20107126123744,-960.4288473042741
340.2413335403212,127.11670703623659,-993.8299292486723
340.2413335403212,127.11670703623659,-993.8299292486723
278.3437169900834,86.42130572893885,-1050.5432906019018
278.3437169900834,86.42130572893885,-1050.5432906019018
205.0580296919308,-105.34277729556966,-1050.5340580962977
205.0580296919308,-105.34277729556966,-1050.5340580962977
205.0580296919308,-105.34277729556966,-1050.5340580962977
177.54963778112892,-374.9203391430267,-971.94990182876
177.54963778112892,-374.9203391430267,-971.94990182876
140.91080328936974,-549.1305772454635,-872.1629737590472
140.91080328936974,-549.1305772454635,-872.1629737590472
187.4013994176837,-681.6581684978793,-720.9852376892957
187.4013994176837,-681.6581684978793,-720.9852376892957
247.24190972416454,-821.8567743784668,-501.5844477463468
247.24190972416454,-821.8567743784668,-501.5844477463468
355.2525125961477,-869.2389794433777,-226.39063198807847
355.2525125961477,-869.2389794433777,-226.39063198807847
490.2144824381368,-809.3123182622563,94.16723152824272
490.2144824381368,-809.3123182622563,94.16723152824272
596.130077590633,-613.3565430481467,372.34458958085327
596.130077590633,-613.3565430481467,372.34458958085327
658.9481442481868,-415.8824379412345,532.104989337804
658.9481442481868,-415.8824379412345,532.104989337804
671.1847608849214,-166.5857411093354,631.7902332813181
671.1847608849214,-166.5857411093354,631.7902332813181
677.2870526271612,-23.224917918311522,656.7825916956804
677.2870526271612,-23.224917918311522,656.7825916956804
667.7564597424539,67.40578250344873,649.2332773928061
667.7564597424539,67.40578250344873,649.2332773928061
695.253093134973,194.0650946899301,591.7616628554262
695.253093134973,194.0650946899301,591.7616628554262
719.4532014632124,296.3510188049712,515.9463286099037
719.4532014632124,296.3510188049712,515.9463286099037
719.4532014632124,296.3510188049712,515.9463286099037
712.7857411596127,405.0750889218052,441.059451237533
712.7857411596127,405.0750889218052,441.059451237533
742.8319679133598,474.1699005658377,339.6123659522667
742.8319679133598,474.1699005658377,339.6123659522667
750.3798423910697,539.5620986056848,181.9523972024221
750.3798423910697,539.5620986056848,181.9523972024221
789.5918713228798,559.0100753012343,20.79225643118668
789.5918713228798,559.0100753012343,20.79225643118668
825.8489204620898,553.9292321160674,-39.0236299481486
825.8489204620898,553.9292321160674,-39.0236299481486
839.4123915183425,518.262736853312,-89.87313442460032
839.4123915183425,518.262736853312,-89.87313442460032
939.4592232281976,397.8478396493503,-84.25057164753355
939.4592232281976,397.8478396493503,-84.25057164753355
971.3124041083096,279.91197525965634,-152.82804885199684
971.3124041083096,279.91197525965634,-152.82804885199684
979.3525377124558,156.75589393369265,-252.50017107220873
979.3525377124558,156.75589393369265,-252.50017107220873
945.6858369249795,23.44028628109286,-388.97190960223713
945.6858369249795,23.44028628109286,-388.97190960223713
873.4546697690222,-45.1335140604703,-488.5076777036191
873.4546697690222,-45.1335140604703,-488.5076777036191
823.5252529603321,-161.4102648190689,-478.1494177670469
823.5252529603321,-161.4102648190689,-478.1494177670469
823.5252529603321,-161.4102648190689,-478.1494177670469
781.2028077675528,-295.8995001191429,-450.80504119103574
781.2028077675528,-295.8995001191429,-450.80504119103574
765.3198836709574,-335.86863524136925,-427.04365410385157
765.3198836709574,-335.86863524136925,-427.04365410385157
765.354078325534,-365.7428483768685,-365.3117215887904
765.354078325534,-365.7428483768685,-365.3117215887904
770.8185005972296,-406.7771635661333,-341.3562113359272
770.8185005972296,-406.7771635661333,-341.3562113359272
782.722399996356,-403.68664958607803,-278.1153152408695
782.722399996356,-403.68664958607803,-278.1153152408695
815.3982353767802,-384.95556504352976,-216.02637206235462
815.3982353767802,-384.95556504352976,-216.02637206235462
879.7627865660696,-325.0090740836581,-113.55289630916607
879.7627865660696,-325.0090740836581,-113.55289630916607
925.8780523973556,-211.36579896785594,-91.96109440935254
925.8780523973556,-211.36579896785594,-91.96109440935254
950.7769032113729,-94.25850071779057,-192.22654646550572
950.7769032113729,-94.25850071779057,-192.22654646550572
850.2705831519161,-46.083167115785955,-490.56118943434404
850.2705831519161,-46.083167115785955,-490.56118943434404
673.7044767798922,-83.71230061962227,-707.7190732307433
673.7044767798922,-83.71230061962227,-707.7190732307433
572.107546381452,-139.2717436851662,-762.9028187434775
572.107546381452,-139.2717436851662,-762.9028187434775
572.107546381452,-139.2717436851662,-762.9028187434775
494.8295234368945,-217.122119630121,-801.1189294540322
494.8295234368945,-217.122119630121,-801.1189294540322
444.4834581420633,-320.39921027050997,-795.8060083012243
444.4834581420633,-320.39921027050997,-795.8060083012243
335.2061306232173,-421.3866117623389,-785.8291928560877
335.2061306232173,-421.3866117623389,-785.8291928560877
198.4286594572725,-461.53114729886937,-806.3214871659679
198.4286594572725,-461.53114729886937,-806.3214871659679
80.43567663055633,-408.47551167118803,-892.8430367830954
80.43567663055633,-408.47551167118803,-892.8430367830954
36.651620053115,-385.1394843426238,-912.1710177124673
36.651620053115,-385.1394843426238,-912.1710177124673
95.79142966998461,-298.5884018520092,-942.2467638751007
95.79142966998461,-298.5884018520092,-942.2467638751007
175.08563511244887,-196.42550843081963,-983.0196174292029
175.08563511244887,-196.42550843081963,-983.0196174292029
293.93917445676345,-68.66040550414327,-964.5931955198845
293.93917445676345,-68.66040550414327,-964.5931955198845
344.89888838284827,46.22335150603111,-964.5410446750124
344.89888838284827,46.22335150603111,-964.5410446750124
507.1647462311311,188.98075233447565,-888.7341597796939
507.1647462311311,188.98075233447565,-888.7341597796939
744.3463646822138,248.81494879207338,-693.3528560134041
744.3463646822138,248.81494879207338,-693.3528560134041
943.0668563417722,276.80100999454044,-439.46716215056983
943.0668563417722,276.80100999454044,-439.46716215056983
943.0668563417722,276.80100999454044,-439.46716215056983
984.9151966755446,367.95084968575065,-264.2623055358857
984.9151966755446,367.95084968575065,-264.2623055358857
923.9407077176004,497.0484310416734,-239.60141628501498
923.9407077176004,497.0484310416734,-239.60141628501498
910.1383342096912,529.2426340036968,-176.10442899924936
910.1383342096912,529.2426340036968,-176.10442899924936
897.9172699056934,522.4536860643846,-53.57728075294259
897.9172699056934,522.4536860643846,-53.57728075294259
862.223311476364,512.9333152640486,87.39655387938268
862.223311476364,512.9333152640486,87.39655387938268
862.2825139708292,437.62712980899283,264.23591632651323
862.2825139708292,437.62712980899283,264.23591632651323
832.2649248970878,323.56428420124917,403.0793585930168
832.2649248970878,323.56428420124917,403.0793585930168
791.7806019708366,272.96781127979875,468.42645813949093
791.7806019708366,272.96781127979875,468.42645813949093
759.6472235015915,249.09574696886753,508.1902796839721
759.6472235015915,249.09574696886753,508.1902796839721
716.099413711568,211.50597058449708,577.4682127760485
716.099413711568,211.50597058449708,577.4682127760485
710.091561003688,60.37325942201711,592.250373041242
710.091561003688,60.37325942201711,592.250373041242
756.6441652714718,-57.70359327026252,530.6039217508976
756.6441652714718,-57.70359327026252,530.6039217508976
756.6441652714718,-57.70359327026252,530.6039217508976
823.0585021757229,-92.16381995705271,416.0498336618637
823.0585021757229,-92.16381995705271,416.0498336618637
895.8120781726086,-108.20202983352631,258.98233258513346
895.8120781726086,-108.20202983352631,258.98233258513346
964.1284888165677,-26.43151752565533,66.09908341862726
964.1284888165677,-26.43151752565533,66.09908341862726
971.8446146331681,123.60285962906188,-68.58858579693079
971.8446146331681,123.60285962906188,-68.58858579693079
966.3832846998718,196.34286559697856,-64.36860315728957
966.3832846998718,196.34286559697856,-64.36860315728957
967.2522889653214,247.16368633814423,-129.47682918583462
967.2522889653214,247.16368633814423,-129.47682918583462
976.6484788381597,187.327546687377,-208.7694422223971
976.6484788381597,187.327546687377,-208.7694422223971
944.7733162583409,61.375140108006214,-381.7171583752869
944.7733162583409,61.375140108006214,-381.7171583752869
933.6895607229303,-142.83218195868247,-363.12766497909575
933.6895607229303,-142.83218195868247,-363.12766497909575
959.5956158369955,-199.891061492688,-231.9205232370608
959.5956158369955,-199.891061492688,-231.9205232370608
996.0862831941713,-160.32121387629826,-73.40364368269319
996.0862831941713,-160.32121387629826,-73.40364368269319
1015.0772052208828,-43.340186477542375,125.62691297424242
1015.0772052208828,-43.340186477542375,125.62691297424242
971.1382914094119,94.22632014070435,285.64309426586186
971.1382914094119,94.22632014070435,285.64309426586186
971.1382914094119,94.22632014070435,285.64309426586186
892.8082126336283,220.8873493869957,380.312764878736
892.8082126336283,220.8873493869957,380.312764878736
818.2067148494662,345.66920220501964,381.0156998513761
818.2067148494662,345.66920220501964,381.0156998513761
699.8876084221179,498.88922013123806,342.05714487226743
699.8876084221179,498.88922013123806,342.05714487226743
597.9866837799811,638.6340734250192,131.34919613386242
597.9866837799811,638.6340734250192,131.34919613386242
613.7008829730694,659.4022924282991,-211.0490990450467
613.7008829730694,659.4022924282991,-211.0490990450467
577.4904667177893,559.7472753097655,-502.6261808447023
577.4904667177893,559.7472753097655,-502.6261808447023
478.9552511826754,441.9957066953204,-727.3139192926534
478.9552511826754,441.9957066953204,-727.3139192926534
407.32155867590654,378.60260014754544,-813.6493881908725
407.32155867590654,378.60260014754544,-813.6493881908725
327.4906473394777,342.5312868999904,-859.1931770729118
327.4906473394777,342.5312868999904,-859.1931770729118
244.20880079032827,248.578880308564,-912.2167319644844
244.20880079032827,248.578880308564,-912.2167319644844
128.73969293066997,143.71237873166595,-953.9632236513883
128.73969293066997,143.71237873166595,-953.9632236513883
83.19548635201109,148.38228632762778,-968.6295853930302
83.19548635201109,148.38228632762778,-968.6295853930302
83.19548635201109,148.38228632762778,-968.6295853930302
7.475042930044876,228.02498397647133,-936.531162758931
7.475042930044876,228.02498397647133,-936.531162758931
-45.62189085885851,295.67187835496435,-919.6974342490521
-45.62189085885851,295.67187835496435,-919.6974342490521
-130.26335398922402,309.3837537216047,-905.772282176397
-130.26335398922402,309.3837537216047,-905.772282176397
-136.5627846783563,345.32516443565714,-903.4031683342017
-136.5627846783563,345.32516443565714,-903.4031683342017
-165.5424568521722,394.31317342966526,-906.79408203909
-165.5424568521722,394.31317342966526,-906.79408203909
-125.93257023103548,443.48666534970823,-853.5134322907835
-125.93257023103548,443.48666534970823,-853.5134322907835
-112.37480041989016,448.86322536098777,-816.2309840086988
-112.37480041989016,448.86322536098777,-816.2309840086988
-50.36846533770055,529.7759830867512,-753.9627844847731
-50.36846533770055,529.7759830867512,-753.9627844847731
6.435547697643443,651.0161420188426,-671.7341763642331
6.435547697643443,651.0161420188426,-671.7341763642331
153.62681317860705,808.181395718666,-401.8429169471221
153.62681317860705,808.181395718666,-401.8429169471221
275.95251925095806,837.0412163277149,-136.83845923679615
275.95251925095806,837.0412163277149,-136.83845923679615
378.88678371662144,754.2320498175458,169.14420192248133
378.88678371662144,754.2320498175458,169.14420192248133
390.98127920059943,634.0187198675178,426.8155359832599
390.98127920059943,634.0187198675178,426.8155359832599
390.98127920059943,634.0187198675178,426.8155359832599
514.0238658381272,526.1222605412727,586.5214380504817
514.0238658381272,526.1222605412727,586.5214380504817
692.5001779628986,424.5666066041805,599.2322858591981
692.5001779628986,424.5666066041805,599.2322858591981
875.8199565709969,368.9296645218163,415.888575156923
875.8199565709969,368.9296645218163,415.888575156923
989.3115851270323,331.8189580017317,169.0069404768593
989.3115851270323,331.8189580017317,169.0069404768593
1001.0129290744403,325.8406273704979,-220.56367996331653
1001.0129290744403,325.8406273704979,-220.56367996331653
867.3034668865522,253.75496253583825,-616.2461988074563
867.3034668865522,253.75496253583825,-616.2461988074563
673.6118062621734,-4.964099654970813,-896.9343221616153
673.6118062621734,-4.964099654970813,-896.9343221616153
608.239910827505,-279.33937397647065,-882.005730901904
608.239910827505,-279.33937397647065,-882.005730901904
592.6264397192306,-569.3163007286065,-693.6442019015005
592.6264397192306,-569.3163007286065,-693.6442019015005
696.2597358745343,-732.3939063901382,-315.0757645303804
696.2597358745343,-732.3939063901382,-315.0757645303804
744.1159242566367,-704.3114898979768,166.12444817168
744.1159242566367,-704.3114898979768,166.12444817168
818.712630602256,-492.8582952453365,305.3610924327757
818.712630602256,-492.8582952453365,305.3610924327757
818.712630602256,-492.8582952453365,305.3610924327757
900.4027180704093,-261.3815612363531,337.42900765942596
900.4027180704093,-261.3815612363531,337.42900765942596
954.2514992974374,-5.477542531078529,290.0059817703821
954.2514992974374,-5.477542531078529,290.0059817703821
944.3772727364097,240.5966770965006,126.00196289105646
944.3772727364097,240.5966770965006,126.00196289105646
875.9867688290905,358.2299793937002,-219.79678471650504
875.9867688290905,358.2299793937002,-219.79678471650504
768.9921197215463,334.6480250127578,-499.30001619773674
768.9921197215463,334.6480250127578,-499.30001619773674
609.3315047581582,281.0543530814893,-683.115048100713
609.3315047581582,281.0543530814893,-683.115048100713
537.349458318596,223.7697084229636,-749.4713323484053
537.349458318596,223.7697084229636,-749.4713323484053
437.7061284558279,140.06863721372497,-834.8361384478951
437.7061284558279,140.06863721372497,-834.8361384478951
369.87417344188594,50.059857834075956,-905.5866509222313
369.87417344188594,50.059857834075956,-905.5866509222313
313.919836437948,-21.531264498255073,-932.1161065033583
313.919836437948,-21.531264498255073,-932.1161065033583
286.97609115541013,-29.661868731924038,-945.1501685322673
286.97609115541013,-29.661868731924038,-945.1501685322673
289.9572682399805,19.135713419797373,-956.1994935386508
289.9572682399805,19.135713419797373,-956.1994935386508
289.993455152615,18.93635011803659,-948.8326263556288
288.7975613204851,116.83635619749,-951.9124334460872
288.7975613204851,116.83635619749,-951.9124334460872
285.3719410828163,246.49327684313639,-935.5584938774422
285.3719410828163,246.49327684313639,-935.5584938774422
319.5981398055156,533.4765723613873,-740.3822169177581
319.5981398055156,533.4765723613873,-740.3822169177581
341.88909349365593,733.8369946739384,-410.6309389519082
341.88909349365593,733.8369946739384,-410.6309389519082
384.73838041703465,782.4547210018055,-135.94103392118808
384.73838041703465,782.4547210018055,-135.94103392118808
461.1966980599146,747.6887879526255,78.3701151045631
461.1966980599146,747.6887879526255,78.3701151045631
530.3652029015583,675.772399232252,231.63414874210295
530.3652029015583,675.772399232252,231.63414874210295
625.7065297799477,592.2683834476967,330.9351717984424
625.7065297799477,592.2683834476967,330.9351717984424
713.6502390403706,526.7335783046549,335.83506931051886
713.6502390403706,526.7335783046549,335.83506931051886
774.2561459253855,510.81138360570867,258.8227565248756
774.2561459253855,510.81138360570867,258.8227565248756
834.7648136010614,454.18289110926423,220.1624231580799
834.7648136010614,454.18289110926423,220.1624231580799
899.4826149195129,368.07296973428015,215.71851781624198
899.4826149195129,368.07296973428015,215.71851781624198
960.4260322608459,305.2859361321527,133.09016750498952
960.4260322608459,305.2859361321527,133.09016750498952
960.4260322608459,305.2859361321527,133.09016750498952
993.5175815777661,245.17164513570776,67.34337330641644
993.5175815777661,245.17164513570776,67.34337330641644
1029.8009500951132,176.86891605478996,-46.92214914924258
1029.8009500951132,176.86891605478996,-46.92214914924258
1022.7131837418226,108.35623777323671,-113.25410861418342
1022.7131837418226,108.35623777323671,-113.25410861418342
983.6046104207543,-3.904806835550799,-267.87502040744846
983.6046104207543,-3.904806835550799,-267.87502040744846
953.8761473336289,-105.81561242621035,-318.33611180172767
953.8761473336289,-105.81561242621035,-318.33611180172767
934.3273764189788,-242.73489058277377,-228.04105993344655
934.3273764189788,-242.73489058277377,-228.04105993344655
865.7386060789679,-399.906523256968,-81.86640696930753
865.7386060789679,-399.906523256968,-81.86640696930753
892.4288056362628,-366.13910949131895,75.12268275453278
892.4288056362628,-366.13910949131895,75.12268275453278
939.9489941943132,-249.01185666833888,130.69366136915917
939.9489941943132,-249.01185666833888,130.69366136915917
970.2109036549612,-164.56529730283071,114.36971159269814
970.2109036549612,-164.56529730283071,114.36971159269814
979.4509667523757,-87.13073641043897,27.770680865786463
979.4509667523757,-87.13073641043897,27.770680865786463
971.8229712027153,-25.292292981913512,-116.8067456083396
971.8229712027153,-25.292292981913512,-116.8067456083396
971.8229712027153,-25.292292981913512,-116.8067456083396
946.6385239295757,54.76081718495111,-265.63236134737116
946.6385239295757,54.76081718495111,-265.63236134737116
868.8195255605483,104.12380881288632,-450.4231912069879
868.8195255605483,104.12380881288632,-450.4231912069879
770.1339542297064,98.59848435498766,-614.0214389695153
770.1339542297064,98.59848435498766,-614.0214389695153
649.2698385222226,122.95775008625202,-751.4620607830526
649.2698385222226,122.95775008625202,-751.4620607830526
520.0512338626918,158.84974432063728,-847.6169412328202
520.0512338626918,158.84974432063728,-847.6169412328202
537.7225713396667,217.64043566160674,-838.150232814904
537.7225713396667,217.64043566160674,-838.150232814904
614.3667989392951,225.47555142931262,-783.0209685352212
614.3667989392951,225.47555142931262,-783.0209685352212
605.5701015173461,192.4816536627166,-808.7693989316635
605.5701015173461,192.4816536627166,-808.7693989316635
547.3703109249135,151.00842484130627,-869.2471669506511
547.3703109249135,151.00842484130627,-869.2471669506511
398.5838089945227,241.8165689644477,-912.2028579574533
398.5838089945227,241.8165689644477,-912.2028579574533
267.55942631269056,415.3861201943235,-879.1059878165227
267.55942631269056,415.3861201943235,-879.1059878165227
195.68026067127343,662.8371177185792,-640.9615643622429
195.68026067127343,662.8371177185792,-640.9615643622429
264.8453194859856,806.0001501177179,-206.01194178822442
264.8453194859856,806.0001501177179,-206.01194178822442
264.8453194859856,806.0001501177179,-206.01194178822442
345.77148187644764,774.6284941206428,89.73989714960983
345.77148187644764,774.6284941206428,89.73989714960983
371.91584316864623,687.2500803643029,351.66699102542265
371.91584316864623,687.2500803643029,351.66699102542265
464.3893627455863,613.580517599117,449.274764635564
464.3893627455863,613.580517599117,449.274764635564
601.7689157671773,525.726850228902,453.8848158004345
601.7689157671773,525.726850228902,453.8848158004345
735.79612006159,451.7343282832623,413.0527786934931
735.79612006159,451.7343282832623,413.0527786934931
849.2923154497745,390.51801838338895,330.7717189374119
849.2923154497745,390.51801838338895,330.7717189374119
944.2705489975019,329.1011472603556,207.46442267241883
944.2705489975019,329.1011472603556,207.46442267241883
989.8860635933024,268.21314651785474,156.28512756046607
989.8860635933024,268.21314651785474,156.28512756046607
1011.9230360641794,223.55783995115289,119.68520609939019
1011.9230360641794,223.55783995115289,119.68520609939019
1026.3979618205085,197.91466864461484,97.97141094968485
1026.3979618205085,197.91466864461484,97.97141094968485
1043.257799075634,175.3761119746834,100.98645936456683
1043.257799075634,175.3761119746834,100.98645936456683
1033.8973509314012,176.6692661979062,103.32864923464328
1033.8973509314012,176.6692661979062,103.32864923464328
1033.8973509314012,176.6692661979062,103.32864923464328
1039.6031971451384,152.06565535327329,129.76995535100406
1039.6031971451384,152.06565535327329,129.76995535100406
1039.9456114843854,119.87225205109958,189.9409335370134
1039.9456114843854,119.87225205109958,189.9409335370134
1044.001823260152,107.15267841043655,169.923834149521
1044.001823260152,107.15267841043655,169.923834149521
1051.841543787451,84.57369920142284,129.25301976439943
1051.841543787451,84.57369920142284,129.25301976439943
1054.1621805702746,74.12831533568402,29.819103703678692
1054.1621805702746,74.12831533568402,29.819103703678692
1061.6387957512488,58.902121886704286,-44.8896760323387
1061.6387957512488,58.902121886704286,-44.8896760323387
1052.202176687583,26.681807885041447,-57.309095310695085
1052.202176687583,26.681807885041447,-57.309095310695085
1046.0345704734318,39.83163952622874,1.3904991171808554
1046.0345704734318,39.83163952622874,1.3904991171808554
1025.9759580718596,-36.72708191711583,118.41371200063378
1025.9759580718596,-36.72708191711583,118.41371200063378
967.7598846932956,-82.81979608393378,295.53303426608915
967.7598846932956,-82.81979608393378,295.53303426608915
820.8381084294925,-20.862186225189646,508.66832798446245
820.8381084294925,-20.862186225189646,508.66832798446245
804.1259991304639,248.28087383037462,440.1236189219578
804.1259991304639,248.28087383037462,440.1236189219578
838.14832526658,427.77668678228565,105.15259864776196
838.14832526658,427.77668678228565,105.15259864776196
838.14832526658,427.77668678228565,105.15259864776196
807.5681185279933,494.7551199120195,-88.55815702198844
807.5681185279933,494.7551199120195,-88.55815702198844
787.5773288267469,479.3828450769614,-312.04796736352654
