x,y,z
-22.50804,59.470917,-99.23999
-22.054955,60.990936,-99.04999
-20.491085,62.174805,-98.74306
-19.994154,59.95323,-97.98305
-21.777258,57.030106,-98.216896
-20.87109,54.881615,-98.56767
-20.812628,53.346973,-98.30459
-21.031862,51.549255,-97.83689
-20.681087,51.8708,-97.383804
-20.052616,51.256943,-98.81614
-19.789536,48.523823,-98.5969
-19.90646,48.66998,-99.04999
-19.731073,49.254604,-99.12306
-20.651855,46.258404,-99.50307
-20.73955,46.448406,-99.26922
-20.081848,46.828415,-98.80151
-19.46799,44.29991,-98.47997
-18.693365,40.865246,-99.415375
-16.28179,39.505993,-99.16691
-15.21485,38.000584,-99.839226
-14.893307,36.48056,-99.181526
-15.594855,35.457466,-99.23999
-16.354866,35.442852,-99.605385
-17.567963,34.361298,-99.26922
-19.161064,31.730488,-100.0
-21.10494,28.982752,-99.59076
-22.888044,26.322714,-100.08769
-24.96346,24.656532,-100.36539
-26.936567,23.662672,-100.21924
-27.19965,25.007307,-99.181526
-28.705057,26.410406,-99.9123
-30.385853,28.105816,-99.313065
-30.385853,28.105816,-99.313065
-31.993568,28.266588,-98.88921
-34.41976,27.93043,-98.58228
-35.647472,27.009645,-99.28383
-37.708275,25.460392,-98.56767
-41.84449,25.299622,-98.874596
-44.928383,26.9658,-98.84537
-48.012276,28.032738,-98.36305
-51.8708,28.281202,-98.39228
-52.908504,29.59661,-99.47384
-55.568546,30.181232,-100.17539
-57.22011,32.28588,-99.9123
-59.163986,32.72435,-99.313065
-59.675533,33.308975,-99.16691
-59.58784,34.91669,-99.47384
-60.8594,35.749783,-99.2546
-61.590176,35.72055,-99.97077
-63.88483,35.837475,-100.49693
-64.82023,35.93978,-101.19849
-66.793335,36.831337,-102.17773
-67.202576,38.132126,-101.91464
-66.8518,39.73984,-101.90003
-67.655655,41.50833,-102.92312
-71.104935,40.71909,-102.42619
-70.56416,44.329144,-101.695404
-68.181816,57.36627,-103.478516
-66.61795,63.08097,-103.90237
-64.99561,67.27565,-104.983925
-64.99561,67.27565,-104.983925
-65.390236,69.99415,-106.63549
-68.95644,68.25489,-105.6124
-69.27799,67.67027,-106.41625
-70.140305,68.298744,-106.270096
-73.648056,63.738674,-106.51857
-75.02192,63.75329,-106.86934
-74.188835,64.90792,-104.019295
-71.4411,67.30488,-102.850044
-69.08799,70.81263,-103.58082
-68.25489,72.02572,-103.7416
-67.26103,71.77726,-103.23005
-65.58024,72.87343,-104.22391
-64.92254,73.867294,-102.850044
-63.577904,75.9427,-102.323875
-62.204033,76.60041,-103.52236
-59.500145,77.24349,-102.33849
-49.444607,77.828125,-99.97077
-42.984505,78.32505,-100.59924
-40.587547,79.3043,-101.56387
-40.324467,79.991234,-102.22157
-41.63987,81.65741,-103.40544
-43.0722,84.68284,-104.42853
-40.967552,85.66209,-103.829285
-39.27214,84.22975,-102.92312
-37.138264,84.87284,-104.73546
-30.166616,79.771996,-103.610054
-32.139725,75.051155,-101.753876
-32.139725,75.051155,-101.753876
-32.475883,71.30956,-99.88307
-31.18971,68.12336,-100.14615
-30.619701,68.722595,-99.42999
-33.908215,63.13943,-98.6846
-33.79129,59.280914,-98.47997
-31.745104,50.263084,-102.47004
-29.158142,44.826077,-105.96317
-27.769657,35.048233,-110.12862
-26.23502,24.802689,-116.150246
-25.621164,20.60801,-119.01491
-25.475008,18.971062,-123.472664
-29.85969,19.102602,-124.13037
-28.953522,19.204912,-126.863495
-28.982752,20.154926,-128.19351
-30.400467,18.620287,-128.07658
-29.932768,30.95586,-123.311905
-24.641918,31.555101,-125.31424
-22.727274,26.13271,-129.6697
-24.086525,15.94563,-136.78749
-24.086525,12.291727,-140.66061
-24.20345,7.015493,-148.05612
-22.990353,4.5162234,-155.24701
-22.522654,3.0546625,-160.43555
-23.823442,1.8561823,-166.26717
-23.984215,0.1607717,-174.37883
-24.59807,0.86232096,-179.08507
-24.524992,2.0169542,-184.77054
-24.524992,2.0169542,-184.77054
-24.96346,4.4431453,-190.90909
-24.539608,6.0216312,-194.70915
-24.59807,9.003215,-199.26923
-23.560364,14.703303,-206.1824
-24.495762,19.687227,-210.3917
-24.20345,28.120432,-215.74101
-25.065771,35.925167,-219.68723
-26.249636,42.736042,-221.96727
-24.115757,48.786907,-222.63959
-23.677288,53.887756,-221.33879
-22.17188,58.3309,-219.96494
-22.157265,65.01023,-218.24028
-24.481146,75.708855,-213.02252
-25.840399,82.19818,-207.14703
-28.748903,87.21134,-202.54312
-28.792751,89.34522,-200.08769
-30.22508,91.0991,-197.95383
-30.970474,91.873726,-195.67378
-30.824322,93.33528,-191.93219
-30.809704,94.67992,-189.506
-29.962,95.425316,-185.47208
-27.667349,96.02455,-180.26894
-25.226542,95.556854,-174.525
-24.67115,95.30839,-168.19644
-23.940369,93.90529,-161.76556
-22.50804,92.09296,-157.55627
-21.689564,89.37445,-153.68314
-21.689564,89.37445,-153.68314
-20.798012,87.503654,-148.33382
-22.230343,83.82052,-143.56914
-23.048817,80.91201,-138.89214
-22.931892,76.93657,-135.13593
-22.90266,73.45805,-133.79129
-22.873428,70.06723,-132.05203
-22.814966,65.20023,-129.8743
-23.048817,60.94709,-128.50044
-24.422684,56.95703,-127.652725
-23.881907,54.355453,-126.65887
-23.019585,51.02309,-127.69659
-22.66881,48.655365,-128.9389
-22.303421,48.918446,-130.25432
-26.951185,53.668518,-129.28969
-30.72201,55.846245,-128.06198
-34.770535,54.881615,-128.41275
-37.97135,55.18854,-127.75504
-39.666763,54.677,-128.29582
-41.888336,55.553932,-128.80737
-44.21222,55.773163,-128.31042
-48.421513,56.577026,-129.26044
-51.65156,57.22011,-129.50891
-54.29699,57.775505,-131.43817
-57.570885,57.95089,-131.80356
-60.362465,59.01783,-132.54897
-63.19789,58.08243,-134.46361
-65.34639,57.760887,-135.76439
-65.34639,57.760887,-135.76439
-68.415665,58.170128,-137.34288
-70.06723,57.585503,-139.506
-71.104935,57.527042,-140.10524
-71.718796,57.42473,-140.83601
-72.40573,57.600117,-142.6922
-73.63344,57.103188,-142.56065
-74.67115,58.652443,-142.98451
-75.10962,58.433205,-143.83221
-77.24349,59.514763,-146.47765
-77.521194,59.909386,-147.3692
-78.3689,60.333233,-148.09998
-79.09968,60.742474,-149.43
-79.59661,62.057877,-150.97925
-81.072784,61.94095,-153.28851
-81.818184,61.137093,-153.58083
-81.78895,61.707104,-153.3762
-82.25665,62.37942,-155.14468
-83.80591,61.95557,-158.28705
-84.77054,62.496346,-160.84477
-85.22362,62.496346,-161.13708
-85.135925,62.335575,-163.06635
-85.36978,63.592518,-165.24408
-85.96901,63.183277,-166.12102
-86.34902,63.987137,-168.34259
-86.87518,65.30254,-169.99416
-86.29056,67.27565,-172.14265
-86.29056,67.87489,-173.12189
-85.457466,67.87489,-173.12189
-85.58901,66.22333,-174.83191
-85.98363,64.26483,-172.77112
-86.59748,62.97866,-173.89653
-86.758255,62.964046,-174.94885
-87.12365,62.993275,-174.94885
-86.81672,62.56942,-174.15959
-87.05057,62.262493,-177.02426
-87.44519,62.803276,-176.45425
-88.70213,59.090908,-177.78427
-88.7606,57.99474,-180.95586
-88.234436,57.337032,-183.27974
-87.065186,57.98012,-186.4221
-85.9544,57.1178,-188.89214
-84.84361,56.942413,-193.43759
-82.885124,56.284714,-196.7261
-81.23356,55.91932,-199.69307
-80.45893,55.670856,-201.05234
-79.53815,55.46624,-203.0839
-77.91581,56.54779,-205.51009
-75.562706,57.263958,-208.00937
-71.601875,58.710903,-209.99709
-70.21339,58.272434,-212.04326
-68.13797,57.717045,-213.56328
-65.71178,57.79012,-215.43408
-63.899445,57.819347,-215.68256
-61.44402,57.907043,-216.39871
-61.44402,57.907043,-216.39871
-60.55247,57.775505,-216.36949
-60.66939,57.337032,-216.69101
-59.529377,56.810875,-217.24641
-59.061676,56.109325,-216.82257
-57.804733,54.750072,-217.77258
-54.23853,53.40544,-218.62027
-52.49927,53.77083,-219.35107
-51.30079,55.247,-219.65799
-49.429993,54.516228,-219.17567
-47.63227,55.612392,-218.98567
-44.548378,59.163986,-219.70184
-42.122185,57.161648,-220.03801
-40.5437,57.83397,-218.79568
-36.59749,58.842445,-218.62027
-33.045895,59.163986,-218.56181
-31.218943,57.95089,-218.47412
-28.251972,57.8632,-216.7641
-25.226542,58.02397,-216.07716
-22.961123,57.83397,-214.601
-20.14031,57.103188,-213.47559
-17.94797,57.249344,-211.16634
-16.70564,56.05086,-210.23093
-14.864075,54.910843,-208.87167
-13.987139,55.276234,-208.63783
-12.306343,56.02163,-206.8255
-10.961707,55.846245,-205.64163
-8.433207,55.948555,-202.44081
-8.433207,55.948555,-202.44081
-7.6147327,56.737797,-201.1108
-7.234727,57.585503,-200.71616
-5.656241,57.8632,-199.50307
-4.574686,57.45396,-196.50687
-3.2885122,58.155514,-193.48143
-2.280035,58.155514,-190.28061
-1.9584917,59.047062,-187.98596
-1.6807951,59.558605,-187.60597
0.014615609,59.134758,-183.9813
0.04384683,58.57936,-181.68665
0.84770536,58.623207,-180.19585
1.081555,59.748615,-176.65887
1.8854135,58.5209,-174.525
2.1338792,58.477055,-171.93802
2.6746566,58.69629,-168.50336
2.4261913,58.57936,-169.1026
2.2215726,58.009357,-165.8287
1.8415667,56.971645,-162.6425
0.27769658,57.746273,-159.4563
-1.7684888,61.780178,-156.76703
-2.1777258,61.254017,-154.73546
-3.6100554,59.237064,-150.67232
-5.904706,58.652443,-147.95383
-7.9655075,60.464775,-145.61531
-12.861736,62.51096,-140.77756
-15.258697,60.23093,-137.60597
-17.480268,58.7986,-136.20287
-17.480268,58.7986,-136.20287
-19.087986,55.846245,-134.85823
-19.862614,56.15317,-134.33206
-21.411867,54.92546,-133.08975
-21.923414,56.357788,-133.6159
-23.648056,56.942413,-132.43204
-24.67115,57.439346,-131.99356
-26.161942,57.62935,-131.43817
-28.32505,57.497807,-130.3274
-28.29582,56.737797,-129.8743
-28.383514,58.213974,-130.91202
-25.606548,61.590176,-134.06898
-22.829582,61.0494,-134.49284
-20.00877,61.195557,-135.10669
-16.486408,61.034786,-137.64981
-13.782519,62.394035,-141.43526
-13.899444,63.680206,-141.04063
-13.285589,65.98948,-142.82373
-10.362467,67.40719,-147.22304
-7.921661,67.80182,-149.98538
-7.1762643,67.93335,-151.43234
-7.1178017,68.9126,-151.06694
-6.240865,70.15492,-155.07161
-4.4869924,68.737206,-157.19089
-4.32622,69.51183,-159.20784
-3.6977491,70.24262,-163.22713
-2.7915814,69.40953,-166.55948
-2.7915814,69.40953,-166.55948
-2.1777258,69.19029,-167.91875
-2.2069569,70.534935,-170.94417
-1.5054078,70.33031,-174.02806
-0.9061678,69.55569,-175.06577
-1.5784857,70.023384,-176.10347
-3.1862028,71.192635,-182.5782
-2.879275,70.92955,-184.40515
-2.9815843,69.74569,-186.3198
-2.9377375,69.30722,-188.3952
-3.6831334,67.78719,-191.72757
-3.4638994,66.60333,-193.59836
-4.2969894,65.15639,-195.79071
-4.6185327,63.066357,-198.14381
-5.641625,61.093246,-199.64923
-6.2847123,60.070156,-202.30928
-7.687811,57.819347,-204.15085
-8.75475,55.58316,-205.36392
-9.105524,52.075417,-206.24088
-10.362467,49.26922,-208.21397
-11.107863,47.646885,-209.2517
-12.627886,45.732243,-210.62555
-14.060216,42.44373,-210.87401
-16.004093,39.067524,-211.37094
-16.194096,34.843613,-210.14323
-17.567963,33.79129,-210.43553
-19.204912,32.139725,-212.23326
-21.850336,28.58813,-211.56094
-21.850336,28.58813,-211.56094
-24.56884,23.911137,-209.55861
-25.299622,19.43876,-206.5624
-25.82578,17.94797,-204.23854
-27.652735,14.64484,-201.78311
-28.222742,11.897106,-199.69307
-30.122772,10.55247,-197.31073
-30.458931,8.944753,-194.09529
-31.32125,8.053201,-191.78603
-31.935108,6.854721,-189.40369
-31.072786,6.35779,-186.1444
-29.99123,5.232388,-184.03976
-29.62584,5.086232,-182.69511
-29.932768,4.910845,-182.27127
-31.248173,4.720842,-182.1982
-32.373573,3.2592812,-178.48582
-32.28588,3.405437,-176.70271
-30.868166,3.2300498,-172.94652
-31.613564,3.2008185,-168.81029
-32.46127,2.586963,-172.2888
-31.408945,3.317743,-170.3303
-31.978952,3.8439054,-168.00644
-30.66355,4.2823734,-165.34639
-28.880444,6.2993274,-160.30402
-27.681965,7.453961,-156.95703
-27.477345,9.222449,-154.89622
-26.118093,11.356328,-152.73312
-25.343466,12.408652,-149.62
-25.343466,12.408652,-149.62
-24.013447,14.542532,-147.52995
-24.159603,15.551008,-145.703
-22.20111,16.807951,-144.82608
-22.43496,18.284126,-143.0722
-22.084185,18.386436,-144.10991
-22.332651,19.263372,-142.85297
-22.128033,19.526455,-143.02835
-22.215727,19.248758,-141.75679
-22.157265,20.27185,-142.2391
-20.60801,22.098803,-140.19293
-20.315699,24.159603,-138.55598
-20.27185,25.811165,-137.66443
-20.432623,26.658873,-137.53288
-20.564163,27.082724,-137.03595
-21.017246,28.89506,-136.0567
-20.418007,31.145864,-136.3198
-20.388775,30.92663,-135.55977
-19.862614,30.400467,-135.47208
-19.921076,31.964338,-134.87285
-20.622625,34.463608,-134.50745
-19.511839,36.772873,-134.44899
-18.722595,37.942123,-133.5136
-18.181818,38.599823,-134.33206
-18.123356,41.332943,-132.84128
-18.123356,43.3499,-133.16283
-17.392576,45.8784,-133.16283
-17.14411,47.646885,-133.22128
-17.14411,47.646885,-133.22128
-16.354866,50.0,-134.30283
-16.54487,51.02309,-133.00204
-16.51564,52.572346,-133.55743
-17.670273,53.2739,-134.31744
-17.377958,53.449284,-133.95206
-17.670273,40.689857,-133.20667
-14.966384,26.191172,-140.87985
-12.087109,17.187958,-151.94388
-19.541069,5.8170123,-172.85881
-18.24028,9.807074,-190.42677
-15.34639,29.421223,-208.72552
-14.045601,65.85793,-207.92168
-19.950306,81.935104,-197.44228
-28.222742,92.92604,-179.23122
-30.137386,92.54604,-164.52792
-21.821106,86.97749,-159.924
-16.267174,81.52587,-155.30547
-16.442562,74.539604,-146.3461
-12.204034,66.354866,-143.33528
-20.16954,71.96726,-141.2014
-29.085064,69.07337,-133.19205
-28.573517,53.59544,-129.75739
-25.957321,50.599243,-129.52353
-23.311897,55.334698,-130.26894
-23.019585,54.779305,-129.90353
-32.242035,59.70476,-128.58813
-32.242035,59.70476,-128.58813
-36.992107,66.471794,-130.69278
-40.836014,69.01491,-131.33586
-39.71061,70.92955,-132.5782
-42.00526,71.35341,-133.96667
-44.943,76.05963,-135.76439
-48.319206,79.859695,-139.38907
-51.520027,82.0228,-142.85297
-53.127743,80.955864,-141.8591
-52.86466,82.768196,-143.68605
-52.879272,85.61824,-147.31073
-53.23005,88.81905,-151.28618
-53.55159,90.61678,-153.80006
-54.106987,91.69833,-155.8024
-54.428528,92.779884,-160.3917
-54.326218,93.744514,-162.21866
-55.02777,94.44607,-165.171
-56.240864,94.70915,-168.78105
-56.445484,94.92838,-171.74803
-56.781643,95.30839,-173.67729
-55.875473,95.39608,-181.13124
-55.1447,95.425316,-184.14206
-55.1447,95.23531,-188.16136
-56.752415,94.43146,-189.87138
-56.840103,92.03449,-194.10991
-55.18854,89.199066,-201.5054
-55.627014,87.372116,-203.05467
-55.334698,85.1067,-206.41624
-55.334698,85.1067,-206.41624
-54.823147,83.36744,-209.04706
-54.545456,81.24817,-210.15785
-56.6501,75.86963,-213.34406
-58.184742,71.76264,-215.44868
-58.097046,68.824905,-217.08565
-56.66472,66.16486,-218.73721
-56.372406,62.84712,-220.19878
-56.737797,61.0494,-220.68109
-57.497807,62.934814,-220.24261
-59.237064,60.34785,-220.5788
-59.163986,50.190002,-223.06342
-57.307804,46.97457,-222.53728
-59.529377,47.120728,-222.0988
-60.3917,44.562992,-222.1865
-59.777843,37.635197,-221.14877
-58.038586,29.976616,-218.63489
-56.15317,25.43116,-216.16487
-55.378544,22.040339,-213.50482
-54.881615,18.664133,-211.19556
-54.443146,15.974861,-209.66092
-54.428528,14.27945,-207.76088
-54.98392,13.680211,-207.10318
-54.136215,11.020169,-202.79156
-53.15697,8.28705,-200.68694
-53.259285,5.62701,-195.81993
-52.791584,3.668518,-193.14528
-52.791584,1.9146448,-189.52061
-52.55773,1.9146448,-189.52061
-51.5931,-0.17538732,-184.33206
-51.315403,0.029231219,-181.33586
-50.131542,-0.1461561,-177.69658
-50.876938,-0.029231219,-175.72346
-49.868458,-0.86232096,-173.37036
-49.678455,-1.1254019,-170.71031
-49.181526,-1.3300204,-168.05028
-48.377666,-0.4823151,-164.76176
-46.565334,0.86232096,-158.28705
-46.419178,3.0400467,-152.55772
-46.609177,5.173926,-149.18152
-46.27302,7.1908803,-143.75912
-47.33996,10.362467,-141.34756
-48.377666,13.124818,-137.28442
-49.605377,16.851797,-134.72668
-54.28237,23.311897,-132.16896
-56.82549,29.011986,-131.0874
-57.95089,31.306637,-130.41508
-55.91932,31.949722,-128.48582
-57.22011,31.803566,-129.09969
-58.44782,35.662086,-128.61736
-60.800934,39.491375,-127.50658
-61.85326,43.23297,-128.39813
-61.560947,46.989185,-128.42737
-61.838646,51.096172,-129.08507
-61.69249,54.3993,-127.36041
-61.69249,54.3993,-127.36041
-60.406315,56.167786,-128.7489
-58.88629,26.118093,-132.69511
-55.817013,11.5755625,-142.73604
-53.90237,0.59924,-164.411
-54.413914,4.077755,-194.78223
-54.677,32.008186,-219.59953
-52.104645,61.648643,-222.0988
-51.081554,80.736626,-212.45251
-47.851505,91.43526,-200.14615
-45.54224,98.66998,-175.89886
-46.623795,96.95995,-160.53786
-44.270683,93.0722,-151.85619
-41.6691,89.59368,-147.45688
-38.804443,88.80444,-146.3607
-45.279156,84.595146,-141.3914
-43.74452,82.1105,-138.81906
-46.813797,76.08887,-134.44899
-40.324467,66.1064,-129.11429
-31.715874,56.562405,-127.27273
-23.618824,54.61853,-129.05583
-23.764982,55.437004,-128.98276
-23.984215,52.47004,-128.6466
-22.80035,49.26922,-128.4712
-21.499561,45.746857,-130.22508
-17.94797,43.481438,-132.30049
-12.905582,37.91289,-135.98363
-11.239404,33.4259,-139.40369
-11.239404,33.4259,-139.40369
-9.543993,30.166616,-143.0722
-9.251681,26.483484,-145.67378
-8.930138,23.121895,-149.5323
-9.894768,19.877228,-151.91464
-10.508623,18.00643,-156.56241
-10.157849,15.404852,-161.78018
-10.464776,14.484069,-167.30489
-10.625548,13.943291,-171.11955
-10.903244,14.27945,-175.69424
-11.677872,14.907922,-181.45279
-12.832504,15.828705,-186.65594
-13.797135,17.451038,-190.28061
-15.507162,19.248758,-194.73837
-17.231804,20.40339,-197.99767
-17.24642,21.528793,-200.46771
-19.087986,22.332651,-203.42004
-19.292604,22.975739,-204.66237
-20.929552,23.83806,-205.74393
-22.961123,24.071909,-206.60625
-25.387314,22.3765,-206.8255
-26.278866,19.67261,-206.54779
-23.00497,17.187958,-201.3154
-13.183279,15.21485,-192.29758
-4.6916103,20.286467,-187.64981
1.081555,25.504238,-184.53668
5.042385,32.40281,-183.36743
5.042385,32.40281,-183.36743
6.35779,41.21602,-186.33441
6.4600997,48.012276,-191.14294
5.8316283,52.42619,-193.51067
3.2885122,57.32242,-196.69688
0.9646302,61.663258,-198.6846
-3.9315991,71.35341,-200.78923
-11.648641,80.19585,-202.5285
-15.302544,80.312775,-206.3724
-22.17188,84.478226,-208.52089
-33.206665,87.21134,-211.59016
-42.063725,86.34902,-216.1941
-47.953815,86.11517,-217.39256
-53.21543,85.32593,-217.27565
-56.76703,83.849754,-216.53026
-60.08477,80.60509,-218.29875
-59.792458,80.45893,-217.7872
-54.647762,84.97515,-214.16252
-47.617657,85.36978,-213.6656
-40.587547,84.375916,-213.56328
-34.828995,82.92897,-213.18329
-31.65741,83.38205,-211.34172
-27.418884,85.7644,-205.21777
-22.5665,86.1444,-199.62
-17.597195,86.202866,-193.96376
-15.507162,87.51827,-188.07365
-13.022508,85.96901,-184.09822
-11.327098,84.595146,-180.8974
-11.327098,84.595146,-180.8974
-7.702426,81.379715,-178.25197
-3.1569715,75.98655,-169.32184
-1.6369482,71.33879,-161.66325
-3.8585207,70.6957,-157.13242
-5.5539317,71.58725,-153.50775
-6.007015,71.80649,-152.90851
-6.796259,69.62876,-149.95616
-8.447823,69.921074,-146.46303
-11.414791,71.16341,-143.89069
-17.363344,73.63344,-140.48524
-23.779596,77.47735,-140.3537
-26.308098,79.245834,-140.09062
-29.947386,79.15814,-137.91289
-35.53055,78.64659,-135.89594
-39.432915,79.991234,-135.4867
-42.794506,82.05203,-136.26134
-48.75767,77.24349,-131.65741
-54.516228,72.77112,-129.11429
-57.73166,67.02719,-125.7527
-62.087105,67.8895,-126.14733
-70.05262,77.65273,-133.71822
-75.22654,79.43584,-139.12599
-75.19731,81.40895,-141.34756
-71.294945,88.044426,-145.07454
-67.12949,94.82607,-151.44695
-65.37562,98.96229,-159.01782
-66.16486,99.66384,-163.62175
-66.16486,99.66384,-163.62175
-67.39258,100.64309,-167.61182
-68.13797,101.14002,-177.11195
-66.55949,100.30693,-189.3306
-65.171005,95.863785,-203.42004
-63.81175,87.45981,-214.63022
-63.168663,79.18737,-221.28033
-60.72786,69.32184,-227.25812
-59.047062,59.60246,-230.15201
-58.769363,49.56153,-230.5174
-56.95703,38.526745,-229.64046
-53.08389,24.291143,-224.39346
-47.822273,12.262496,-215.40485
-44.124527,9.982462,-213.6656
-41.873722,4.370067,-206.57701
-39.97369,-2.1484947,-195.74686
-40.14908,-4.6916103,-185.47208
-40.382927,-5.247004,-176.71733
-40.368313,-3.4200528,-165.27332
-40.748318,-0.4384683,-155.45161
-41.859104,3.741596,-149.41537
-42.750656,7.4978075,-143.80298
-43.30605,12.437883,-139.11137
-43.802982,18.444899,-135.28207
-45.396084,25.32885,-131.97896
-45.629932,30.268929,-130.35663
-46.799183,31.642796,-129.17276
-45.849167,21.70418,-136.59749
-45.849167,21.70418,-136.59749
-43.33528,7.5708857,-153.55159
-43.320667,3.2885122,-166.91025
-44.81146,2.616194,-179.2166
-44.153755,7.892429,-195.95148
-45.279156,21.748028,-211.15172
-48.348434,43.788364,-220.03801
-52.484657,74.33499,-214.30869
-58.7986,90.13447,-195.54224
-62.4525,93.01374,-185.07747
-63.183277,93.37913,-171.30956
-63.928677,90.89447,-159.1786
-64.35253,87.079796,-152.85004
-64.26483,80.69278,-144.05144
-63.28559,72.66881,-138.32213
-60.3917,65.22946,-132.72435
-51.92926,54.662376,-126.95118
-43.87606,49.89769,-126.10347
-40.51447,48.75767,-125.44577
-38.84829,48.421513,-125.46039
-37.240574,48.216896,-125.27039
-33.747444,50.57001,-126.7758
-32.19819,50.555397,-128.31042
-30.488161,51.4031,-128.69044
-31.964338,54.83777,-128.92429
-32.709732,53.49313,-129.50891
-33.075123,54.910843,-129.71353
-33.92283,54.56007,-128.86583
-33.92283,54.56007,-128.86583
-34.93131,55.30547,-129.392
-35.998245,57.497807,-129.34814
-37.240574,54.998543,-130.00584
-36.962875,54.53084,-130.07892
-37.708275,53.52236,-131.02893
-41.84449,55.656242,-131.75972
-46.50687,58.009357,-133.44052
-51.841568,61.44402,-134.78516
-54.63315,61.546333,-135.45747
-56.372406,61.926334,-137.02133
-56.357788,62.87635,-137.57674
-54.998543,65.05408,-137.76672
-51.95849,69.54107,-138.64368
-48.1292,72.464195,-138.42444
-44.63607,73.867294,-139.3306
-38.658287,76.527336,-141.84448
-32.85589,78.85121,-142.7945
-27.579657,81.21894,-148.0415
-23.092663,83.06051,-153.23004
-20.491085,84.03976,-158.4186
-17.655655,84.40514,-164.20638
-15.097925,82.680504,-164.74716
-16.31102,83.513596,-167.71411
-17.714119,85.26746,-174.87578
-20.023384,86.30517,-181.14586
-20.257235,85.41362,-185.55977
-20.286467,85.34054,-187.3575
-20.286467,85.34054,-187.3575
-19.526455,83.8936,-188.74597
-18.357204,82.3005,-190.30984
-19.117216,81.10202,-193.2622
-19.541069,78.88045,-198.7869
-21.368021,72.72727,-205.04239
-22.011106,71.04648,-206.89857
-23.487286,72.0988,-207.42474
-25.065771,69.83338,-210.27477
-24.378836,63.607132,-211.92635
-23.545746,60.216312,-212.9348
-23.750364,57.1178,-215.0687
-24.56884,52.8062,-216.20872
-26.615025,49.41538,-216.91026
-28.091202,46.331482,-217.42181
-27.915815,43.364513,-217.31949
-28.003508,41.391407,-217.5972
-26.541945,38.4829,-216.26718
-24.071909,33.79129,-214.25023
-19.497223,29.888922,-210.55247
-15.741012,26.921951,-206.62086
-10.494008,25.299622,-201.12541
-6.240865,23.662672,-193.05759
-3.6831334,21.031862,-184.5513
-3.1715875,19.000292,-178.1789
-3.9608305,18.327974,-170.65186
-1.7684888,21.70418,-163.73866
-0.99386144,27.915815,-155.43701
-0.99386144,27.915815,-155.43701
-0.24846536,36.495174,-150.32155
-1.9146448,43.39374,-146.65302
-3.9462144,47.529964,-143.13066
-7.08857,49.590763,-138.77522
-10.201695,52.382343,-135.50131
-15.21485,55.349316,-133.07513
-18.254896,58.301662,-131.4674
-22.785736,62.160187,-129.33353
-27.521193,64.981,-128.86583
-31.233559,66.95411,-128.3689
-34.083603,69.97954,-127.85735
-37.34288,72.52265,-128.39813
-41.230633,75.62116,-130.09354
-45.732243,79.36276,-131.94972
-52.280033,80.37124,-132.70973
-58.63783,83.44051,-135.99825
-62.437885,84.22975,-138.17598
-62.29173,83.455124,-137.40134
-61.06402,78.076584,-130.97047
-58.623207,72.01111,-125.97194
-52.77697,63.358665,-121.26571
-46.594563,40.41216,-118.737206
-32.417423,9.193218,-136.26134
-18.123356,0.39462143,-161.06401
-10.800936,3.3908215,-171.30956
-3.0254312,12.160187,-181.61357
-3.0254312,12.160187,-181.61357
2.3677287,22.551886,-185.53055
5.5977783,31.62818,-186.18825
6.2847123,37.869045,-185.209
6.6939487,45.49839,-184.39053
6.6793337,51.227715,-181.45279
5.948553,54.852383,-176.71733
5.4808536,57.190876,-173.95499
4.983923,57.73166,-170.7834
3.2446651,59.339375,-166.25255
-0.68693364,61.809414,-160.50862
-5.8170123,62.496346,-154.15083
-10.450161,61.780178,-149.91231
-13.402514,61.897106,-148.87459
-17.5095,60.245544,-146.38995
-19.234142,58.345516,-145.73225
-21.397253,53.916985,-145.4984
-21.499561,50.540775,-146.57994
-23.99883,51.344635,-146.75534
-23.954985,46.097633,-144.41684
-23.925753,41.961414,-145.39607
-23.5019,39.199062,-143.40836
-22.43496,38.278282,-142.3122
-20.184156,39.11137,-141.34756
-18.327974,41.230633,-141.25986
-19.365683,41.786026,-140.64601
-18.225666,41.77141,-141.24524
-17.64104,41.81526,-140.74832
